{
  "upcoming" : [
    {
      "id": "1",
      "image": "https://images.unsplash.com/photo-1544161515-4ab6ce6db874",
      "title": "Bamboo Spa",
      "sub_title": ["LED Facial", "Oxygen Facial"],
      "date": "1770028596000",
      "credit": 12,
      "address": "221B Palm Street, Los Angeles, CA",
      "rating": 4.6,
      "category": "Spa & Wellness",
      "time": "20 min",
      "specialist": "Emma Wilson",
      "time_slot": "10:30 AM - 11:30 AM",
      "booking_id": "BK10245",
      "status": "book"
    },
    {
      "id": "2",
      "image": "https://images.unsplash.com/photo-1552693673-1bf958298935",
      "title": "Urban Wellness Center",
      "sub_title": ["Deep Tissue Massage", "Hot Stone Therapy"],
      "date": "1770128596000",
      "credit": 8,
      "address": "78 King Avenue, New York, NY",
      "rating": 4.4,
      "category": "Massage Therapy",
      "time": "15 min",
      "specialist": "Daniel Roberts",
      "time_slot": "2:00 PM - 3:00 PM",
      "booking_id": "BK10246",
      "status": "book"

    },
    {
      "id": "3",
      "image": "https://images.unsplash.com/photo-1599058917212-d750089bc07e",
      "title": "Glow Skin Clinic",
      "sub_title": ["Hydra Facial", "Skin Rejuvenation"],
      "date": "1770228596000",
      "credit": 15,
      "address": "19 Sunset Boulevard, Miami, FL",
      "rating": 4.8,
      "category": "Skin Care Clinic",
      "time": "20 min",
      "specialist": "Sophia Martinez",
      "time_slot": "12:15 PM - 1:15 PM",
      "booking_id": "BK10247",
      "status": "book"

    },
    {
      "id": "4",
      "image": "https://images.unsplash.com/photo-1519823551278-64ac92734fb1",
      "title": "Serenity Thai Spa",
      "sub_title": ["Thai Massage", "Aromatherapy"],
      "date": "1770328596000",
      "credit": 5,
      "address": "402 Lotus Road, Houston, TX",
      "rating": 4.5,
      "category": "Thai Spa",
      "time": "10 min",
      "specialist": "Narin Chai",
      "time_slot": "4:45 PM - 5:45 PM",
      "booking_id": "BK10248",
      "status": "book"

    },
    {
      "id": "5",
      "image": "https://images.unsplash.com/photo-1588776814546-ec7e7e0c8f3d",
      "title": "Elite Fitness Studio",
      "sub_title": ["Personal Training", "CrossFit Session"],
      "date": "1770428596000",
      "credit": 20,
      "address": "550 Market Street, San Francisco, CA",
      "rating": 4.7,
      "category": "Fitness Center",
      "time": "14 min",
      "specialist": "Jason Miller",
      "time_slot": "6:00 AM - 7:00 AM",
      "booking_id": "BK10249",
      "status": "book"

    }
  ],
  "past" :[
    {
      "id": "1",
      "image": "https://images.unsplash.com/photo-1544161515-4ab6ce6db874",
      "title": "Bamboo Spa",
      "sub_title": ["LED Facial", "Oxygen Facial"],
      "date": "1770028596000",
      "credit": 12,
      "address": "221B Palm Street, Los Angeles, CA",
      "rating": 4.6,
      "category": "Spa & Wellness",
      "time": "20 min",
      "specialist": "Emma Wilson",
      "time_slot": "10:30 AM - 11:30 AM",
      "booking_id": "BK10245",
      "status": "continue"

    },
    {
      "id": "2",
      "image": "https://images.unsplash.com/photo-1552693673-1bf958298935",
      "title": "Urban Wellness Center",
      "sub_title": ["Deep Tissue Massage", "Hot Stone Therapy"],
      "date": "1770128596000",
      "credit": 8,
      "address": "78 King Avenue, New York, NY",
      "rating": 4.4,
      "category": "Massage Therapy",
      "time": "29 min",
      "specialist": "Daniel Roberts",
      "time_slot": "2:00 PM - 3:00 PM",
      "booking_id": "BK10246",
      "status": "continue"
    },
    {
      "id": "3",
      "image": "https://images.unsplash.com/photo-1599058917212-d750089bc07e",
      "title": "Glow Skin Clinic",
      "sub_title": ["Hydra Facial", "Skin Rejuvenation"],
      "date": "1770228596000",
      "credit": 15,
      "address": "19 Sunset Boulevard, Miami, FL",
      "rating": 4.8,
      "category": "Skin Care Clinic",
      "time": "20 min",
      "specialist": "Sophia Martinez",
      "time_slot": "12:15 PM - 1:15 PM",
      "booking_id": "BK10247",
      "status": "continue"
    },
    {
      "id": "4",
      "image": "https://images.unsplash.com/photo-1519823551278-64ac92734fb1",
      "title": "Serenity Thai Spa",
      "sub_title": ["Thai Massage", "Aromatherapy"],
      "date": "1770328596000",
      "credit": 5,
      "address": "402 Lotus Road, Houston, TX",
      "rating": 4.5,
      "category": "Thai Spa",
      "time": "20 min",
      "specialist": "Narin Chai",
      "time_slot": "4:45 PM - 5:45 PM",
      "booking_id": "BK10248",
      "status": "continue"
    },
    {
      "id": "5",
      "image": "https://images.unsplash.com/photo-1588776814546-ec7e7e0c8f3d",
      "title": "Elite Fitness Studio",
      "sub_title": ["Personal Training", "CrossFit Session"],
      "date": "1770428596000",
      "credit": 20,
      "address": "550 Market Street, San Francisco, CA",
      "rating": 4.7,
      "category": "Fitness Center",
      "time": "15 min",
      "specialist": "Jason Miller",
      "time_slot": "6:00 AM - 7:00 AM",
      "booking_id": "BK10249",
      "status": "continue"
    }
  ]
}