{
  "banner" : [
    {
      "banner_id":"1",
      "image" : "https://i.ibb.co/QjD0NsS8/temp-banner-01.png",
      "banner_title" : "Be Fit",
      "banner_sub_title" : "Relax and rejuvenate with the traditional thai"
    },
    {
      "banner_id":"2",
      "image" : "https://i.ibb.co/QjD0NsS8/temp-banner-01.png",
      "banner_title" : "Royal Peace Spa",
      "banner_sub_title" : "Relax and rejuvenate with the traditional thai"
    },
    {
      "banner_id":"3",
      "image" : "https://i.ibb.co/QjD0NsS8/temp-banner-01.png",
      "banner_title" : "Peace-Relax",
      "banner_sub_title" : "Relax and rejuvenate with the traditional thai"
    }
  ],
  "categories" : [
    {
      "category_id":"1",
      "image" : "https://i.ibb.co/6cS8MnKR/temp-category.png",
      "category_name" : "Fitness"
    },
    {
      "category_id":"2",
      "image" : "https://i.ibb.co/6cS8MnKR/temp-category.png",
      "category_name" : "Spa & Beauty"
    },
    {
      "category_id":"3",
      "image" : "https://i.ibb.co/6cS8MnKR/temp-category.png",
      "category_name" : "Hair Cut"
    },
    {
      "category_id":"4",
      "image" : "https://i.ibb.co/6cS8MnKR/temp-category.png",
      "category_name" : "Spa & Relaxation"
    }
  ],
  "top_class" : [
    {
      "id":"1",
      "image" : "https://goldsgym.in/wp-content/uploads/2023/12/compress-strong-man-training-gym-min-scaled.jpg",
      "is_favourite" : false,
      "title" : "Weight Lift",
      "sub_title" : "Lady Fit",
      "address" : "Prahladnagar, Ahmedabad",
      "distance" : "1",
      "rating" : 2
    },
    {
      "id":"2",
      "image" : "https://www.coinstreet.org/sites/default/files/styles/banner_image/public/2023-06/Colombo%20centre%20gym%20weights.jpg",
      "is_favourite" : false,
      "title" : "Dance",
      "sub_title" : "Lady Dance",
      "address" : "Setellite, Ahmedabad",
      "distance" : "5",
      "rating" : 5
    },
    {
      "id":"3",
      "image" : "https://img.freepik.com/free-photo/closeup-shot-beautiful-butterfly-with-interesting-textures-orange-petaled-flower_181624-7640.jpg",
      "is_favourite" : false,
      "title" : "Relax & Fit",
      "sub_title" : "Relax and rejuvenate with the traditional thai",
      "address" : "CTM, Ahmedabad",
      "distance" : "15",
      "rating" : 0
    },
    {
      "id":"4",
      "image" : "https://img.freepik.com/free-photo/closeup-shot-beautiful-butterfly-with-interesting-textures-orange-petaled-flower_181624-7640.jpg",
      "is_favourite" : false,
      "title" : "traditional Dance",
      "sub_title" : "traditional Lady Dance",
      "address" : "Gota, Ahmedabad",
      "distance" : "2",
      "rating" : 1
    },
    {
      "id":"5",
      "image" : "https://img.freepik.com/free-photo/closeup-shot-beautiful-butterfly-with-interesting-textures-orange-petaled-flower_181624-7640.jpg",
      "is_favourite" : false,
      "title" : "Weight Lift",
      "sub_title" : "Lady Fit",
      "address" : "Prahladnagar, Ahmedabad",
      "distance" : "1",
      "rating" : 2
    },
    {
      "id":"6",
      "image" : "https://img.freepik.com/free-photo/closeup-shot-beautiful-butterfly-with-interesting-textures-orange-petaled-flower_181624-7640.jpg",
      "is_favourite" : false,
      "title" : "Dance",
      "sub_title" : "Lady Dance",
      "address" : "Setellite, Ahmedabad",
      "distance" : "5",
      "rating" : 5
    },
    {
      "id":"7",
      "image" : "https://img.freepik.com/free-photo/closeup-shot-beautiful-butterfly-with-interesting-textures-orange-petaled-flower_181624-7640.jpg",
      "is_favourite" : false,
      "title" : "Relax & Fit",
      "sub_title" : "Relax and rejuvenate with the traditional thai",
      "address" : "CTM, Ahmedabad",
      "distance" : "15",
      "rating" : 0
    },
    {
      "id":"8",
      "image" : "https://img.freepik.com/free-photo/closeup-shot-beautiful-butterfly-with-interesting-textures-orange-petaled-flower_181624-7640.jpg",
      "is_favourite" : false,
      "title" : "traditional Dance",
      "sub_title" : "traditional Lady Dance",
      "address" : "Gota, Ahmedabad",
      "distance" : "2",
      "rating" : 1
    }
  ]
}